,AvoidingImmuneDesctruction,ActivatingInvasionMotility,DeregulationgCellularEnergetics,EnablingReplicativeImmortality,EvadingGrowthSuppressors,GenomeInstabilityMutation,InducingAngiogenesis,ResistingCellDeath,SustainingProliferativeSignaling,TumorPromotingInflammation
0,CYBB,TSTA3,SUCLG1,PRIM2,VPS53,CDK5RAP3,SLC12A6,CDK5RAP3,CDK5RAP3,CYBB
1,PSMC1,DUSP26,CHMP4C,PCNA,BARD1,CNOT7,ACTA2,CSNK2A1,CHMP4C,RPS19
2,POLR3C,BZW1,VPS36,CCT4,RBL1,RNASEH2A,AQP1,CAT,CSNK2A1,CAMK1D
3,PSMD12,GSK3B,CYP2C9,NSMCE2,STK11,PCNA,HMGB1,GSK3B,PPP6C,CHIA
4,POLR3F,BZW2,ADIPOR1,TFIP11,SIN3A,POLR2D,PRKX,PDK4,CNOT7,HMGB1
5,CYFIP1,DENND6A,SORD,POLD1,CDC73,NSMCE2,AAMP,SLC25A4,PRIM2,TLR7
6,SLC11A1,RPL23A,GSK3B,GAR1,MYBBP1A,POLR2G,SAT1,ACSL5,PSMC1,IRAK4
7,SERINC3,OLA1,VPS35,UPF1,NDRG1,CDK1,NCL,PDK2,RPL23A,MAPK14
8,RPS19,DOCK7,YIPF1,MAPK14,MSH2,COPS7A,CTH,HMGN5,STAG3,LBP
9,PSME4,CYFIP1,PDK4,DKC1,FHIT,CUL4A,PDCL3,PRDX2,PCNA,NOX4
10,GNL1,RPS19,TAZ,RFC3,RAD51C,BARD1,NOX1,ATAD3A,PA2G4,CALR
11,PIK3R4,CDK1,MLYCD,FEN1,PLCD1,GTF2H1,ANXA3,NMT1,HMGN5,ANXA1
12,POLR3A,RPL34,CHAF1B,CALR,HINT1,POLR2I,EDF1,ZFAND6,CDKL1,PPIA
13,POLR3B,MMP7,ACSL5,RAD50,RBM5,POLD1,CHI3L1,PRDX3,CHMP4A,PHB
14,CHIA,ATP6V1D,PDK2,TERT,ASS1,CCNB1,ACVR1,SMNDC1,UFL1,GBF1
15,CTSH,GTPBP4,AKR1A1,MIF,CUL3,HMGB1,SPHK1,CDK1,DOCK7,MIF
16,PSMD1,CAMK1D,NDUFAF1,XRCC5,PPP2R1B,CUL4B,PDCD6,GLO1,PSMD12,RAC1
17,MAPK10,ENTPD1,CHMP4A,MAPKAPK5,WWOX,UPF1,SETSIP,CUL4A,SLC25A33,MVK
18,DDX3X,BYSL,IPPK,MAPK1,HPGD,MSH6,SERPINE1,CTNNBL1,NSMCE2,NCKAP1L
19,SERINC5,SERPINB3,SCD,RAD51D,NDRG2,EXO5,XDH,BARD1,PRMT5,CHID1
20,HMGB1,CTSH,CYP2C8,SMC6,CHMP1A,PPP4C,NOX5,CSE1L,PRDX3,PPIL2
21,ARPC1A,CHMP2B,SNRPD1,RPA1,CHEK1,CSNK1E,AKT1,CTSH,DNAJA2,NOX1
22,PSMD6,DDX3X,HADHA,SMC5,MLH1,LIG4,CSNK2B,AQP1,PSME4,SERPINA3
23,PSMC6,SCLT1,SLC17A8,POLD3,TUSC3,CCNA2,APOD,HTRA2,PFDN1,CHI3L1
24,TLR7,DMP1,RPTOR,POLA1,CDK11B,PARP2,ANXA2,LCMT1,CDK1,MAPK13
25,SIN3A,CEP135,TBXAS1,CCT7,RTN4,RFC3,,UBQLN1,TIMELESS,SBNO2
26,CHIT1,HMGB1,EXOC7,XRCC6,SERPINB5,FEN1,,NUP62,RPTOR,SERPINE1
27,IRAK4,CRMP1,TPCN1,ERCC4,ING4,CNOT1,,DDX3X,GTPBP4,PRDX5
28,BRK1,PRKX,ATP6V1D,CCT3,CUL2,CSNK1D,,SLC11A2,CUL4A,CYP4F11
29,MAPK9,RUVBL1,TECR,NAT10,TSG101,MSH2,,HMGB1,BARD1,PSMA6
30,LBP,YKT6,TKTL1,POLE,PPP2CA,ASF1A,,ZNF622,PIK3R4,TLR3
31,CALM1,AAMP,CYP2J2,RFC2,DNAJC11,USP45,,PCID2,GTF2H1,NFX1
32,UBE2D2,IRAK4,ABCD3,PRIM1,CUL1,RAD50,,NME3,BCAT1,SNAP23
33,SRPK1,TBCCD1,PIK3R4,RPA2,RBL2,PRIMPOL,,STK11,CSE1L,MGLL
34,NCKAP1,METAP1,MRPS2,AURKB,,POLR2K,,PPIF,SERPINB3,MYLK3
35,HSPD1,RANGAP1,POLR3A,MAP2K1,,POLR2L,,HSPE1,SEC13,RAC2
36,STX4,NOLC1,EMC6,PNPT1,,CDK9,,PTRH2,HAUS3,APOD
37,PSMA8,DOCK10,SPTLC1,NHP2,,PARP1,,RBM25,AQP1,VAMP7
38,PSMB7,CCDC88A,OXSM,RFC4,,PRMT1,,THOC6,TUBG1,ABCF1
39,CTSK,BRK1,ALDH3A2,CHEK1,,ASCC1,,GLRX2,TUBB4A,
40,CYFIP2,ARHGDIG,SLC25A1,SERPINE1,,OTUB1,,ATG7,HTRA2,
41,PIK3C3,EHD1,AQP1,TCP1,,COPS6,,FIS1,PSMD1,
42,DPP8,PPP1CB,SHMT1,RFC5,,RAD51C,,NAA15,CHMP1B,
43,MAP2K6,RAB1A,HTRA2,SOD1,,ACTR5,,DUSP22,MAD1L1,
44,ANXA1,GOLGA3,MSMO1,MAPK3,,XRCC5,,MYBBP1A,WDR12,
45,MUL1,HSPH1,NUP155,HNRNPA1,,GPS1,,RHOT2,ORC4,
46,ACTG1,RPS2,ATG4C,CCT2,,TDP1,,PSEN2,NUP155,
47,PSMD3,COL19A1,DLAT,DNA2,,TCEA1,,FAIM2,LCMT1,
48,CTSL,GOLGA2,CHMP2B,CCT8,,IGHMBP2,,NDUFS1,CHMP2B,
49,PSMD10,DOCK9,ATP6V1G1,CCT6A,,XAB2,,NCKAP1,HAUS1,
50,AP1G1,NCKAP1,UBQLN1,LIG1,,TIPRL,,SPHK2,NUP62,
51,TUBB4B,TUBB2B,ACSL3,GNL3L,,SMC1A,,HSPD1,DDX3X,
52,DNAJA3,CSNK1D,ACOXL,POLE2,,PSMD14,,STX4,SMC2,
53,LCP1,HSPD1,UQCRC2,POLD2,,UBE2V1,,IGBP1,CCNB1,
54,PHB,STX4,DCXR,NOP10,,RAD51D,,DNM1L,PDCD6IP,
55,GBF1,CPNE5,NUP62,XRCC3,,MSH3,,NDRG1,RPS15A,
56,HSP90B1,RCC2,EXOC1,CCT5,,FANCI,,NME1,CEP135,
57,RAC1,NDRG1,GPX4,DHX36,,TOP3A,,YWHAB,HMGB1,
58,RPL39,RAB8A,SLC36A1,USP7,,RPA1,,CYFIP2,RAB6C,
59,PSMA1,YWHAB,ATP6V1G2,,,PRMT6,,CALR,PCID2,
60,STXBP3,VAPB,BLOC1S1,,,ASCC3,,AIFM2,PRKX,
61,MAPK8,CTSK,CA7,,,SMC5,,ANXA1,PSMD6,
62,PSMD5,CYFIP2,PGAM2,,,RPA4,,MUL1,STK11,
63,CAMK2B,CALR,HMGB1,,,POLD3,,TIAL1,PSMC6,
64,HSP90AA1,VASN,ACAD10,,,COPS8,,CTSL,PEX2,
65,PSMD14,EIF2A,STK11,,,TRIP12,,TMBIM1,CUL4B,
66,GBP2,PCMT1,RUVBL1,,,POLA1,,PHB2,UPF1,
67,MAPK1,ANXA1,PEX2,,,MAD2L2,,DHCR24,BOP1,
68,PSMA3,ACTG1,VPS25,,,DDB1,,PSMD10,RANGAP1,
69,PLPP4,WDR1,IDH3B,,,CDC6,,SAP18,NOLC1,
70,UBE2V1,RSU1,PLA2G15,,,CDC45,,DDX47,DIS3L2,
71,CACTIN,CTSL,SLC22A3,,,XRCC6,,DNAJA3,USP22,
72,NCKAP1L,EEF2,VPS16,,,UBE2B,,AKR1C3,CLIP1,
73,SPPL2B,LDHA,ACSF3,,,UBB,,NAA16,PPP1CB,
74,SHMT2,CKAP5,IDH3G,,,RBM14,,SCIN,CDC73,
75,PAK2,CPNE3,ATG7,,,RAD23B,,FHIT,RBBP7,
76,RPL13A,PPIA,RPIA,,,XPC,,GSN,NME6,
77,DUSP3,LCP1,ATP6V1E1,,,GTF2H5,,PHB,CALM1,
78,PSMD11,EHD4,FIS1,,,CNOT10,,STK25,SMC4,
79,GBP1,CPNE1,PGAM4,,,FZR1,,STK4,CSNK1E,
80,ACTB,GSN,ATG3,,,ERCC4,,TERT,CTDNEP1,
81,STXBP2,MAPRE1,ALDOC,,,UBE2N,,API5,DUSP22,
82,UBE2D1,PRMT1,RAB1A,,,PRPF19,,MIF,CAB39L,
83,SKP1,GBF1,UBE2D2,,,MORF4L1,,HDAC3,NCAPD3,
84,SAMHD1,ERC1,SLC25A11,,,RAD51,,HSP90B1,MYBBP1A,
85,SPPL3,GLIPR2,KIF25,,,RAD1,,RAC1,ANAPC5,
86,PSMD2,PCBP1,LSM4,,,POLE,,HINT1,DKC1,
87,UBB,MIF,VPS26A,,,PCBP4,,ASNS,KIF25,
88,ANXA3,IFT74,RAE1,,,RFC2,,SOD2,RAE1,
89,IFI30,PRDX6,ATP6V1A,,,UBA52,,SART1,NAA60,
90,SERPINB9,RAC1,PTGR2,,,FANCL,,MAPK8,CCNA2,
91,ARPC2,RAB10,GOLGA2,,,COPS7B,,RBM5,TMEM115,
92,PSMD13,PRPF40A,KAT8,,,RPA2,,DHRS2,MCM2,
93,UBE2N,INPP5K,NDUFS1,,,UBE2V2,,MAPK1,GOLGA2,
94,MYO1C,NUP93,RAB7A,,,HUWE1,,SERPINB2,TOM1L1,
95,FKBP1A,SART1,GALM,,,ERCC3,,MAEA,SPHK2,
96,UBA52,CHMP4B,TOMM40,,,UBE2A,,NCKAP1L,CNOT1,
97,GPI,ZC3H15,NUP210,,,ZSWIM7,,DNAJA1,CSNK1D,
98,PSMB4,STXBP3,SLC36A2,,,OGG1,,DNAJC3,LPIN1,
99,PSMC2,SERPINE2,ATP6V0D1,,,PMS2,,PAK2,NUP210,
100,ATP6V0A2,EIF2S3,COX6B1,,,AQR,,APH1A,HSPD1,
101,ARPC4,USO1,L2HGDH,,,RFC4,,NAA35,STX4,
102,TKFC,STX5,DNM1L,,,RCHY1,,SUPV3L1,PSMA8,
103,HSPA1B,MAPK1,NDRG1,,,ATP23,,VDAC1,PSMB7,
104,PSMC5,NOP56,SERPINB10,,,POLR2J,,PDCD2,STAG2,
105,PLD2,MAEA,SLC7A4,,,CHEK1,,SLC25A5,RCC2,
106,SERPINB4,PAQR3,GAA,,,UVSSA,,CUL3,NDRG1,
107,UBE2K,MYO1B,CTSK,,,MLH1,,PPP2R1A,VTI1B,
108,MX1,RPGR,GCK,,,ASCC2,,PPP2R1B,NME1,
109,NUB1,NCKAP1L,PIK3C3,,,FANCD2,,STK24,RAB8A,
110,SBNO2,ABCF3,WDR45,,,RBX1,,BECN1,CALR,
111,TAB1,EIF5,SLC2A8,,,RAD51B,,UBB,HSPA2,
112,PSMB6,AVIL,ATG16L1,,,COPS2,,FMN2,RPS4X,
113,PSMA7,PAK2,DEGS1,,,RFC5,,ARHGDIA,PIK3C3,
114,TUBB,ASS1,LONP2,,,UNG,,SGPL1,MAP2K6,
115,PSMC3,RPL15,PEX3,,,PPP2R5C,,STK17B,RPS9,
116,PDPK1,DUSP3,FH,,,CNOT8,,DDX5,ANXA1,
117,CSK,ATXN10,LDHA,,,RECQL4,,TMBIM6,PSMD3,
118,IK,GBP1,SLC35B3,,,RUVBL2,,SIAH2,NCAPG,
119,ARPC3,CAMK1,PGP,,,RPS27A,,SERPINB9,PHB2,
120,SLC25A6,EPS15L1,GCDH,,,GTF2H4,,SGK1,DHCR24,
121,AQP9,PPIL2,ATP6V0A1,,,POLR2B,,PCBP4,PSMD10,
122,PSMA4,HSPA8,AKR1C3,,,DEK,,UBA52,TUBB4B,
123,SPG21,CUL3,SLC2A12,,,CDK2,,DDX41,RRS1,
124,CTSS,PPP2R1A,GABARAPL1,,,RAD23A,,CDK11A,MCM3,
125,STOML2,PLPP1,SLC2A10,,,SUMO2,,TOP2A,CKAP5,
126,PSMB3,ACTB,HACD2,,,RAD54L,,ACVR1,RAD50,
127,PSMA6,MAD2L2,SURF1,,,MMS19,,PDK1,DNAJA3,
128,PSMD8,RAB11B,TAT,,,NAE1,,MAD2L1,AKR1C3,
129,ACTR3,CFAP20,ATG4B,,,COPS5,,AURKB,SCIN,
130,CTSB,STK24,TERT,,,UBE2I,,HSPA9,CDK9,
131,WIPF3,ILK,ADH7,,,DNA2,,ERCC3,ZW10,
132,RPS27A,NOX1,NDUFS8,,,RPS3,,ATP2A1,PHB,
133,CAPZA1,RPL7A,ECD,,,LIG1,,HSPA1B,MAPRE1,
134,MAPK3,UBB,MIF,,,RPS27L,,PSMC5,CAB39,
135,TLR3,ARHGDIA,NDUFA2,,,RAD54B,,BCAP31,PRMT1,
136,CRISP3,PI4KA,PRKAB1,,,POLB,,MX1,GBF1,
137,PSMA5,EHD3,PIKFYVE,,,POLE2,,NOC2L,AURKC,
138,PSMB2,ANXA3,SLC2A4,,,GTF2H3,,KPNA1,STAG1,
139,MX2,AKT2,INPP5K,,,CDK7,,ING5,ANAPC10,
140,SNAP23,SIAH2,ETFA,,,VCP,,EI24,RAD51C,
141,SPPL2A,CHMP5,SNRPF,,,COPS3,,SPHK1,MIF,
142,PSMD4,RAB13,NUP93,,,XRCC2,,MAP4K4,HDAC3,
143,PSMC4,ARPC2,SLC2A3,,,UBC,,PDCD6,XRCC5,
144,MAP3K7,EXOC3,CHMP4B,,,ALKBH1,,RHOT1,PRKAB1,
145,PSMB5,SGK1,SUPT5H,,,POLD2,,OGT,MCM7,
146,AQP4,ABCC4,PRKAA1,,,CDC5L,,BBC3,PRPF40A,
147,UBC,CCNB2,ABCD2,,,RECQL,,YWHAE,GPS1,
148,PSMF1,ATIC,MAPK8,,,XRCC3,,SERPINE1,UBE2E1,
149,PTPN2,CTPS1,BDH2,,,DDB2,,RABGGTB,ASNS,
150,HSPA1A,ZPR1,USP13,,,CNOT6,,PRDX5,TUBA1B,
151,SRPK2,VMP1,TALDO1,,,INO80,,RPS3A,NUP93,
152,ARPC1B,MYO1C,ANXA7,,,CETN2,,PDPK1,UBE2E2,
153,UBE2D3,FKBP1A,ETFB,,,MPG,,TP53I3,PSMA1,
154,ACTR2,SLC12A5,SNRPB2,,,ZRANB3,,EIF5A,SOD2,
155,GAPDH,GCNT2,SUCLA2,,,POLR2E,,SIAH1,SART1,
156,PSMD7,GCN1,HSP90AA1,,,USP7,,XDH,CHMP4B,
157,WIPF1,HPSE,CYP4A11,,,AURKA,,CDK11B,SUPT5H,
158,CNIH1,ACVR1,FADS1,,,CCND1,,PPP2R5C,PRKAA1,
159,VAMP7,ATP2A2,VPS28,,,RAD17,,RTN4,PSMD5,
160,CUL1,CAMK4,SDHA,,,COPS4,,CYCS,TUBA1C,
161,PSMB1,CPNE6,ENO2,,,ERCC2,,PSEN1,TIPRL,
162,PSMD9,RPL6,NDUFV2,,,CHD1L,,ANXA4,UTP20,
163,STX7,NEXN,NUP205,,,CCNH,,PAK4,SMC1A,
164,CAPZA2,HTRA1,SHMT2,,,ERCC8,,CTSB,USP13,
165,HSP90AB1,RAN,GPT2,,,ZNF830,,RPS27A,TPM1,
166,,ENO1,MDH2,,,RBL2,,SOD1,RBM5,
167,,PRDX1,UBQLN2,,,,,APH1B,BCCIP,
168,,TXNDC9,NDUFA5,,,,,NOX5,HSP90AA1,
169,,DNAJB1,TPI1,,,,,RIPK3,PSMD14,
170,,CAPZB,VPS4B,,,,,AKT1,DHRS2,
171,,RAC3,BECN2,,,,,PPT1,PSMA3,
172,,SPHK1,VPS26B,,,,,TLR3,PPP5C,
173,,PDCD6,PRKAG1,,,,,SET,UBE2S,
174,,PSMB6,ASRGL1,,,,,NAE1,PIN1,
175,,MLST8,CHMP6,,,,,ING4,MAEA,
176,,YWHAE,ATP6V1E2,,,,,DAP3,CLTC,
177,,MTOR,SPTLC2,,,,,CUL2,RAD51D,
178,,SERPINE1,VPS39,,,,,RPS3,CDC23,
179,,PDPK1,CYP1A1,,,,,RPS27L,ARIH2,
180,,CSK,ATP6V1H,,,,,PIM2,DTYMK,
181,,RHOG,VDAC1,,,,,RACK1,NUP205,
182,,EEF1G,EHHADH,,,,,HDAC1,NCKAP1L,
183,,SIAH1,ACOT8,,,,,DAD1,GSPT1,
184,,CTSV,HSPA8,,,,,VCP,TOP3A,
185,,RTN4,ACSL4,,,,,UBC,YEATS4,
186,,ULK4,PDK3,,,,,ANXA5,RNF126,
187,,CCS,LIAS,,,,,HSPA1A,DUSP3,
188,,COL11A2,CLTCL1,,,,,PKM,CLK1,
189,,CTSS,UBE2D1,,,,,BLOC1S2,NEDD1,
190,,PICALM,BECN1,,,,,KPNB1,VPS4B,
191,,PSEN1,SLC25A19,,,,,PDCD5,PRKAG1,
192,,EIF3E,UBQLN4,,,,,TMBIM4,PSMD11,
193,,PAK4,ACAA1,,,,,YWHAZ,NAA50,
194,,LYPLA2,SLC2A5,,,,,HYOU1,ABCB1,
195,,ACTR3,PDHA1,,,,,HSPA5,RPA1,
196,,PPME1,UBB,,,,,UTP11,CHMP6,
197,,IDH1,EEF1A2,,,,,PPP2CA,DUSP13,
198,,ME2,MTHFS,,,,,AATF,ASCC3,
199,,CAPZA1,FMN2,,,,,PHIP,SMC5,
200,,SOD1,SLC2A1,,,,,PPID,CDK3,
201,,MAPK3,SGPL1,,,,,ERCC2,RPA4,
202,,RAB11A,FBXO7,,,,,NDUFA13,TXN,
203,,RIPK3,MDH1,,,,,DYNLL2,MCM5,
204,,AKT1,MECR,,,,,YWHAQ,WEE1,
205,,WRAP73,GAPDHS,,,,,SNW1,PDCD2,
206,,CPNE9,SDHB,,,,,CUL1,SLC25A5,
207,,VIL1,AKT2,,,,,TPT1,CUL3,
208,,MIP,HADH,,,,,GABARAP,PPP2R1A,
209,,CCT8,PIP4K2C,,,,,RPS6,PLPP1,
210,,SCYL1,VTI1A,,,,,DYNLL1,COPS8,
211,,DPYSL5,NDUFB7,,,,,,PPM1G,
212,,HACD1,FADS2,,,,,,NTMT1,
213,,KIF5B,RPE,,,,,,PDCL3,
214,,RPL24,MAP1LC3C,,,,,,POLA1,
215,,RYK,RAB1B,,,,,,MAD2L2,
216,,RACK1,DECR2,,,,,,CLTCL1,
217,,MAP3K7,GOT2,,,,,,DDB1,
218,,RANBP1,EXOC4,,,,,,UBE2D1,
219,,FLOT2,SEH1L,,,,,,BECN1,
220,,DDOST,ETFDH,,,,,,USP16,
221,,TMEM18,PGLS,,,,,,ILK,
222,,CSRP1,SLC17A7,,,,,,SKP1,
223,,STK38,HPGD,,,,,,CDC6,
224,,HSPA1A,PGM1,,,,,,RNF167,
225,,PKM,SLC38A5,,,,,,CDC45,
226,,CEP126,FBXL2,,,,,,XRCC6,
227,,NRDC,NUP85,,,,,,CEP63,
228,,RPS26,UBA52,,,,,,NOX1,
229,,RAC2,FADS3,,,,,,PSMD2,
230,,RAB25,GPI,,,,,,UBB,
231,,APOD,ACTL6A,,,,,,RBM14,
232,,DOCK8,FANCL,,,,,,CDC20,
233,,DDX6,NDUFS2,,,,,,DSCC1,
234,,YWHAZ,MAP1LC3B,,,,,,AKT2,
235,,HSPA5,CYC1,,,,,,XPC,
236,,ACTR2,SCFD1,,,,,,SGK2,
237,,ANXA2,GLUL,,,,,,CHMP5,
238,,PPP2CA,D2HGDH,,,,,,CENPE,
239,,STXBP1,CRNKL1,,,,,,CHMP7,
240,,SND1,SNF8,,,,,,CNOT10,
241,,CLASP2,NDUFS7,,,,,,PPP2R3B,
242,,ARHGDIB,SLC7A3,,,,,,SGK1,
243,,AHSA1,PRKAB2,,,,,,PSMD13,
244,,ARGLU1,PDK1,,,,,,FZR1,
245,,STX3,ATP6V0A2,,,,,,SEH1L,
246,,CLIC1,SLC17A9,,,,,,CCNB2,
247,,CLASP1,SLC38A1,,,,,,CTPS1,
248,,RPSA,MAP2K1,,,,,,PBLD,
249,,SERBP1,ATP6V1C1,,,,,,ZPR1,
250,,SNX2,EEF1A1,,,,,,PRPF19,
251,,HSP90AB1,SLC25A2,,,,,,HPGD,
252,,,CBR1,,,,,,PES1,
253,,,CYP4F8,,,,,,RAD51,
254,,,RAB3GAP1,,,,,,RAD1,
255,,,CSNK2A2,,,,,,NCAPD2,
256,,,ENO1,,,,,,POLE,
257,,,PTGR1,,,,,,MVD,
258,,,GGT1,,,,,,PCBP4,
259,,,G6PD,,,,,,ANAPC1,
260,,,SLC2A6,,,,,,NUP85,
261,,,RAB5A,,,,,,UBA52,
262,,,NPC1,,,,,,EIF5A2,
263,,,GOT1,,,,,,CHP2,
264,,,OGT,,,,,,MCMBP,
265,,,PIP4K2B,,,,,,RBBP4,
266,,,U2AF1,,,,,,PRIM1,
267,,,CYP4F2,,,,,,RRM2,
268,,,MTERF3,,,,,,GLUL,
269,,,BBC3,,,,,,RPA2,
270,,,MLST8,,,,,,MAPRE2,
271,,,SIRT4,,,,,,CDK11A,
272,,,PDHB,,,,,,PSMB4,
273,,,MTOR,,,,,,HPSE,
274,,,ABCC1,,,,,,PSMC2,
275,,,CYP4V2,,,,,,PRKAB2,
276,,,SLC2A9,,,,,,ACVR1,
277,,,ABCD1,,,,,,TUBA4A,
278,,,COX15,,,,,,PDK1,
279,,,RBX1,,,,,,ORC5,
280,,,PGK1,,,,,,CIAO1,
281,,,CYP2U1,,,,,,UBE2C,
282,,,BPGM,,,,,,MAU2,
283,,,FBP2,,,,,,MAD2L1,
284,,,ERLIN2,,,,,,ATP8A2,
285,,,PGD,,,,,,UBE2V2,
286,,,CYCS,,,,,,AURKB,
287,,,LTA4H,,,,,,SMARCD3,
288,,,ACSL1,,,,,,MAP2K1,
289,,,CS,,,,,,CHAMP1,
290,,,IDH2,,,,,,PNPT1,
291,,,ENO3,,,,,,ERCC3,
292,,,SLC25A17,,,,,,SMC3,
293,,,AKR1E2,,,,,,PSMC5,
294,,,RPS27A,,,,,,SLC29A2,
295,,,IDH1,,,,,,KIF15,
296,,,CYP2C19,,,,,,PODN,
297,,,SLC25A15,,,,,,UBE2A,
298,,,PGK2,,,,,,MSH4,
299,,,SLC17A6,,,,,,CSNK2A2,
300,,,SLC38A4,,,,,,RINT1,
301,,,AKT1,,,,,,RAN,
302,,,VPS51,,,,,,PRDX1,
303,,,SCD5,,,,,,ANAPC7,
304,,,ATP6V1B1,,,,,,ING5,
305,,,MTHFR,,,,,,MCM4,
306,,,TPCN2,,,,,,PDF,
307,,,NDUFV1,,,,,,STRAP,
308,,,ECHS1,,,,,,SPHK1,
309,,,VPS13A,,,,,,CHMP1A,
310,,,ATG12,,,,,,PDCD6,
311,,,POM121C,,,,,,PSMB6,
312,,,OGDH,,,,,,MRM2,
313,,,STX12,,,,,,STAMBP,
314,,,SLC7A1,,,,,,BUB3,
315,,,SLC25A10,,,,,,PSMA7,
316,,,SLC2A2,,,,,,TUBB,
317,,,SLC38A2,,,,,,KDM8,
318,,,CUL2,,,,,,ENPP7,
319,,,HAO1,,,,,,NDRG4,
320,,,HACD1,,,,,,MLST8,
321,,,ACOX1,,,,,,MCM6,
322,,,TSG101,,,,,,YWHAE,
323,,,PDHX,,,,,,MTOR,
324,,,TBL2,,,,,,MAPK12,
325,,,ATP6V1B2,,,,,,CHEK1,
326,,,EIF2S1,,,,,,PSMC3,
327,,,ACSM1,,,,,,DDX11,
328,,,ATP6V0C,,,,,,FPGS,
329,,,ACOX3,,,,,,RHOG,
330,,,ALDOB,,,,,,EIF5A,
331,,,PKLR,,,,,,RAD51B,
332,,,SLC38A3,,,,,,DHPS,
333,,,UBC,,,,,,PSMA4,
334,,,SNRPB,,,,,,GNAI1,
335,,,PGAM1,,,,,,XDH,
336,,,AWAT1,,,,,,CDK11B,
337,,,ANXA5,,,,,,PPP2R5C,
338,,,VPS33A,,,,,,NDC80,
339,,,CYP1B1,,,,,,CNOT8,
340,,,PKM,,,,,,PICALM,
341,,,HAO2,,,,,,DERL2,
342,,,GABARAPL2,,,,,,PSMB3,
343,,,APOD,,,,,,CDC123,
344,,,ATP6V1C2,,,,,,PSMA6,
345,,,GDPGP1,,,,,,PAK4,
346,,,CTNS,,,,,,CDK10,
347,,,HYOU1,,,,,,PSMD8,
348,,,ATP6V0B,,,,,,CDC16,
349,,,CYB561,,,,,,RPS27A,
350,,,UBE2D3,,,,,,FTH1,
351,,,AKR1C2,,,,,,XPO1,
352,,,DAGLB,,,,,,PPP2R2A,
353,,,RPL28,,,,,,NOX5,
354,,,ATP6V0D2,,,,,,RAB11A,
355,,,ASL,,,,,,CDK2,
356,,,HACL1,,,,,,MCM8,
357,,,CHMP2A,,,,,,SSR1,
358,,,ATG5,,,,,,SKA1,
359,,,ACSL6,,,,,,AKT1,
360,,,NDUFA13,,,,,,WRAP73,
361,,,WDR75,,,,,,RAD54L,
362,,,DYNLL2,,,,,,HMMR,
363,,,ATG9A,,,,,,CSNK2B,
364,,,RBM18,,,,,,NAE1,
365,,,GAPDH,,,,,,ING4,
366,,,DLD,,,,,,ACER3,
367,,,SLC36A4,,,,,,POM121C,
368,,,FBP1,,,,,,PSMA5,
369,,,IDH3A,,,,,,DNA2,
370,,,TKT,,,,,,TUBA1A,
371,,,CYP1A2,,,,,,PSMB2,
372,,,PCCA,,,,,,HDAC2,
373,,,SNRNP70,,,,,,MX2,
374,,,U2AF2,,,,,,NAP1L1,
375,,,MCAT,,,,,,NCAPH,
376,,,PRKAA2,,,,,,CDK5RAP1,
377,,,ERLIN1,,,,,,PPP1CC,
378,,,NDUFS4,,,,,,CUL2,
379,,,DLST,,,,,,PSMD4,
380,,,NPEPPS,,,,,,RPS3,
381,,,GABARAP,,,,,,RPS27L,
382,,,CTSA,,,,,,RAD54B,
383,,,GSK3A,,,,,,KIFC1,
384,,,CYP4F3,,,,,,KIF4A,
385,,,DYNLL1,,,,,,PIM2,
386,,,,,,,,,EIF4E,
387,,,,,,,,,PSMC4,
388,,,,,,,,,TAF2,
389,,,,,,,,,RACK1,
390,,,,,,,,,HDAC1,
391,,,,,,,,,PSMB5,
392,,,,,,,,,POLE2,
393,,,,,,,,,CDK7,
394,,,,,,,,,CSNK2A3,
395,,,,,,,,,XRCC2,
396,,,,,,,,,RPS27,
397,,,,,,,,,UBC,
398,,,,,,,,,PSMF1,
399,,,,,,,,,CDC5L,
400,,,,,,,,,CCND2,
401,,,,,,,,,CDC27,
402,,,,,,,,,PTPN2,
403,,,,,,,,,SUGT1,
404,,,,,,,,,XRCC3,
405,,,,,,,,,CEP126,
406,,,,,,,,,NRDC,
407,,,,,,,,,BLOC1S2,
408,,,,,,,,,KIF4B,
409,,,,,,,,,CNOT6,
410,,,,,,,,,SRPK2,
411,,,,,,,,,KPNB1,
412,,,,,,,,,DMC1,
413,,,,,,,,,INO80,
414,,,,,,,,,CETN2,
415,,,,,,,,,RAB25,
416,,,,,,,,,PRC1,
417,,,,,,,,,PDCD5,
418,,,,,,,,,APOD,
419,,,,,,,,,CETN3,
420,,,,,,,,,DOCK8,
421,,,,,,,,,AURKA,
422,,,,,,,,,CCND1,
423,,,,,,,,,DDX39B,
424,,,,,,,,,AKR1C2,
425,,,,,,,,,PPP2CA,
426,,,,,,,,,RAD17,
427,,,,,,,,,GNAI3,
428,,,,,,,,,CCNE2,
429,,,,,,,,,ATP2B4,
430,,,,,,,,,CHMP2A,
431,,,,,,,,,GNAI2,
432,,,,,,,,,ERCC2,
433,,,,,,,,,THAP12,
434,,,,,,,,,CLASP2,
435,,,,,,,,,PSMD7,
436,,,,,,,,,ORC3,
437,,,,,,,,,CCNH,
438,,,,,,,,,PDXP,
439,,,,,,,,,MCTS1,
440,,,,,,,,,PDS5A,
441,,,,,,,,,STX3,
442,,,,,,,,,CUL1,
443,,,,,,,,,PSMB1,
444,,,,,,,,,PSMD9,
445,,,,,,,,,PRKAA2,
446,,,,,,,,,CLASP1,
447,,,,,,,,,NDUFS4,
448,,,,,,,,,RBL2,
449,,,,,,,,,RCC1,
450,,,,,,,,,SPO11,
451,,,,,,,,,NUF2,
452,,,,,,,,,CCND3,
453,,,,,,,,,DYNLL1,
